Ticker;Setor;Tendencia;Preco;Activator;Dist Activator;Dias Tendencia;Var Tendencia;RSI;RSI Zona;SMA Status;Vol Relativo;Vol Class;Trades;Win Rate;Payout Medio;Payout Wins;Payout Losses;Profit Factor;Max Drawdown;Retorno Acum;Maior Win;Maior Loss;Max Wins Consec;Max Losses Consec;Dias Medio Trade;Expectativa;Suporte 20d;Resistencia 20d;Volatilidade 20d;Ultimo Sinal;Data Ultimo Sinal;Grafico
BBDC4;Financeiro;ALTA;R$ 20,37;R$ 19,00;+7,23%;8;+6,26%;60.22;FORTE;ALTA (SMA9 > SMA21);0.76;NORMAL;70;+34,29%;-0,48%;+5,18%;-3,43%;0.79;-40,66%;-35,68%;+22,92%;-15,64%;3;7;10.2;-0,48%;18.07;20.64;2.94;COMPRA;2026-03-31;graficos/hilo_bbdc4.png
BEEF3;Alimentos;ALTA;R$ 4,27;R$ 4,15;+2,99%;8;+0,47%;45.08;NEUTRO;ALTA (SMA9 > SMA21);0.5;ABAIXO da média;53;+45,28%;+1,80%;+10,55%;-5,44%;1.6;-48,05%;+91,56%;+39,50%;-18,26%;6;5;13.8;+1,80%;3.63;4.45;4.34;COMPRA;2026-03-31;graficos/hilo_beef3.png
BPAC11;Financeiro;ALTA;R$ 62,94;R$ 56,38;+11,63%;8;+11,81%;66.27;FORTE;ALTA (SMA9 > SMA21);0.6;ABAIXO da média;70;+30,00%;-1,07%;+5,24%;-3,77%;0.6;-61,53%;-56,51%;+13,88%;-8,15%;2;8;9.5;-1,07%;51.82;63.68;5.03;COMPRA;2026-03-31;graficos/hilo_bpac11.png
BRAP4;;ALTA;R$ 24,53;R$ 22,93;+6,99%;12;+9,12%;67.41;FORTE;ALTA (SMA9 > SMA21);0.99;NORMAL;59;+50,85%;+0,82%;+4,46%;-2,95%;1.56;-21,22%;+51,21%;+17,24%;-5,95%;6;5;12.3;+0,82%;21.18;24.78;3.89;COMPRA;2026-03-25;graficos/hilo_brap4.png
BRAV3;;ALTA;R$ 21,71;R$ 19,69;+10,25%;12;+14,75%;65.06;FORTE;ALTA (SMA9 > SMA21);0.6;ABAIXO da média;55;+43,64%;+1,64%;+10,15%;-4,95%;1.59;-40,25%;+90,23%;+37,87%;-13,25%;5;6;13.4;+1,64%;16.38;22.03;7.52;COMPRA;2026-03-25;graficos/hilo_brav3.png
BRKM5;;BAIXA;R$ 9,38;R$ 9,58;-2,12%;15;-8,04%;44.96;NEUTRO;BAIXA (SMA9 < SMA21);0.63;ABAIXO da média;56;+41,07%;+0,32%;+9,84%;-6,31%;1.09;-56,67%;-5,75%;+22,21%;-16,09%;3;6;13.1;+0,32%;8.33;12.36;11.67;VENDA;2026-03-20;graficos/hilo_brkm5.png
CMIN3;Mineração e Siderurgia;ALTA;R$ 5,04;R$ 4,89;+3,13%;3;-0,98%;49.44;NEUTRO;ALTA (SMA9 > SMA21);0.5;ABAIXO da média;57;+40,35%;+1,28%;+9,07%;-3,98%;1.54;-31,87%;+66,01%;+52,74%;-9,38%;3;5;12.8;+1,28%;4.65;5.14;1.78;COMPRA;2026-04-08;graficos/hilo_cmin3.png
COGN3;;ALTA;R$ 3,23;R$ 3,09;+4,56%;12;+5,90%;52.42;NEUTRO;ALTA (SMA9 > SMA21);0.97;NORMAL;48;+39,58%;+3,93%;+18,90%;-5,88%;2.11;-44,08%;+281,80%;+65,38%;-10,69%;4;7;15.3;+3,93%;2.72;3.35;4.73;COMPRA;2026-03-25;graficos/hilo_cogn3.png
CSAN3;Petróleo e Gás;ALTA;R$ 5,57;R$ 5,18;+7,51%;8;+3,53%;52.8;NEUTRO;ALTA (SMA9 > SMA21);0.7;ABAIXO da média;61;+37,70%;+0,63%;+8,29%;-4,00%;1.25;-37,35%;+24,64%;+28,50%;-10,96%;3;8;12.0;+0,63%;5.0;5.77;2.49;COMPRA;2026-03-31;graficos/hilo_csan3.png
CSNA3;Mineração e Siderurgia;ALTA;R$ 6,47;R$ 6,35;+1,91%;12;-1,97%;42.95;NEUTRO;ALTA (SMA9 > SMA21);0.73;NORMAL;55;+40,00%;+1,15%;+9,63%;-4,51%;1.42;-33,57%;+41,19%;+59,91%;-10,10%;3;6;13.2;+1,15%;5.67;6.91;4.17;COMPRA;2026-03-25;graficos/hilo_csna3.png
CYRE3;Construção Civil;ALTA;R$ 27,63;R$ 26,56;+4,04%;2;-1,53%;49.6;NEUTRO;ALTA (SMA9 > SMA21);0.81;NORMAL;65;+30,77%;+0,36%;+10,82%;-4,28%;1.12;-52,34%;+2,19%;+26,49%;-9,99%;5;11;11.3;+0,36%;24.83;28.72;3.07;COMPRA;2026-04-09;graficos/hilo_cyre3.png
HAPV3;Saúde;ALTA;R$ 13,31;R$ 10,11;+31,70%;16;+41,00%;73.95;SOBRECOMPRA;ALTA (SMA9 > SMA21);1.21;NORMAL;54;+35,19%;-0,12%;+14,01%;-7,79%;0.98;-73,29%;-43,78%;+46,76%;-42,21%;4;6;13.1;-0,12%;7.0;13.38;11.54;COMPRA;2026-03-19;graficos/hilo_hapv3.png
ITUB4;Financeiro;ALTA;R$ 46,05;R$ 42,80;+7,59%;8;+5,91%;62.92;FORTE;ALTA (SMA9 > SMA21);0.98;NORMAL;73;+34,25%;-0,06%;+4,63%;-2,50%;0.97;-39,95%;-10,14%;+17,89%;-6,38%;3;10;10.1;-0,06%;41.18;46.38;2.89;COMPRA;2026-03-31;graficos/hilo_itub4.png
LREN3;Consumo;ALTA;R$ 15,84;R$ 14,71;+7,65%;3;+2,19%;58.69;NEUTRO;BAIXA (SMA9 < SMA21);0.96;NORMAL;57;+36,84%;+0,82%;+10,55%;-4,85%;1.27;-53,09%;+22,90%;+34,97%;-13,63%;4;6;12.8;+0,82%;13.97;16.22;2.74;COMPRA;2026-04-08;graficos/hilo_lren3.png
MGLU3;Consumo;ALTA;R$ 9,11;R$ 8,50;+7,18%;7;+3,05%;51.47;NEUTRO;BAIXA (SMA9 < SMA21);0.56;ABAIXO da média;55;+41,82%;+1,87%;+14,64%;-7,30%;1.44;-45,97%;+73,07%;+49,12%;-14,53%;5;5;13.3;+1,87%;7.92;10.33;4.57;COMPRA;2026-04-01;graficos/hilo_mglu3.png
MRVE3;Construção Civil;BAIXA;R$ 7,79;R$ 8,04;-3,10%;4;+8,34%;45.79;NEUTRO;ALTA (SMA9 > SMA21);0.62;ABAIXO da média;58;+41,38%;+1,48%;+12,19%;-6,08%;1.42;-62,51%;+62,78%;+56,94%;-13,58%;5;7;12.7;+1,48%;7.1;8.45;3.41;VENDA;2026-04-07;graficos/hilo_mrve3.png
PETR4;Petróleo e Gás;BAIXA;R$ 48,63;R$ 49,04;-0,84%;3;+4,33%;62.62;FORTE;ALTA (SMA9 > SMA21);0.52;ABAIXO da média;59;+44,07%;+1,19%;+5,81%;-2,44%;1.87;-18,48%;+82,81%;+23,27%;-7,85%;5;8;12.5;+1,19%;44.29;50.69;2.75;VENDA;2026-04-08;graficos/hilo_petr4.png
PRIO3;Petróleo e Gás;BAIXA;R$ 67,24;R$ 69,07;-2,65%;7;+4,85%;57.26;NEUTRO;ALTA (SMA9 > SMA21);0.46;ABAIXO da média;60;+35,00%;+0,34%;+6,76%;-3,12%;1.17;-43,19%;+7,06%;+29,89%;-7,07%;2;12;12.1;+0,34%;57.23;72.98;4.89;VENDA;2026-04-01;graficos/hilo_prio3.png
RDOR3;Saúde;ALTA;R$ 41,40;R$ 38,71;+6,94%;14;+6,43%;63.67;FORTE;ALTA (SMA9 > SMA21);1.05;NORMAL;51;+41,18%;+2,07%;+10,51%;-3,84%;1.91;-43,19%;+134,11%;+35,83%;-12,05%;4;10;14.4;+2,07%;36.16;42.3;3.64;COMPRA;2026-03-23;graficos/hilo_rdor3.png
RENT3;;ALTA;R$ 48,95;R$ 46,29;+5,74%;14;+4,06%;56.15;NEUTRO;ALTA (SMA9 > SMA21);1.4;ACIMA da média;44;+43,18%;+1,86%;+11,15%;-5,19%;1.63;-47,20%;+82,02%;+37,49%;-11,27%;9;8;16.2;+1,86%;42.26;51.27;4.08;COMPRA;2026-03-23;graficos/hilo_rent3.png
SANB11;Financeiro;ALTA;R$ 32,07;R$ 30,34;+5,71%;8;+4,67%;55.66;NEUTRO;ALTA (SMA9 > SMA21);0.54;ABAIXO da média;65;+38,46%;+0,03%;+5,07%;-3,11%;1.02;-27,74%;-4,94%;+14,78%;-6,40%;3;8;11.3;+0,03%;28.98;32.56;2.68;COMPRA;2026-03-31;graficos/hilo_sanb11.png
SAPR11;Saneamento;ALTA;R$ 45,46;R$ 43,85;+3,67%;16;+8,01%;58.2;NEUTRO;ALTA (SMA9 > SMA21);0.39;MUITO ABAIXO da média;52;+44,23%;+0,86%;+6,63%;-3,71%;1.42;-23,88%;+40,52%;+21,10%;-7,61%;5;5;13.7;+0,86%;39.47;46.99;4.24;COMPRA;2026-03-19;graficos/hilo_sapr11.png
SUZB3;Papel e Celulose;BAIXA;R$ 47,18;R$ 50,58;-6,73%;5;-4,88%;31.76;FRACO;BAIXA (SMA9 < SMA21);0.57;ABAIXO da média;60;+38,33%;+0,60%;+5,86%;-2,68%;1.36;-41,40%;+31,67%;+20,62%;-8,09%;5;10;12.2;+0,60%;46.36;54.1;3.97;VENDA;2026-04-06;graficos/hilo_suzb3.png
USIM5;Mineração e Siderurgia;ALTA;R$ 7,25;R$ 6,74;+7,55%;13;+7,89%;60.72;FORTE;ALTA (SMA9 > SMA21);1.64;ACIMA da média;61;+32,79%;+0,34%;+10,03%;-4,38%;1.12;-50,08%;-2,85%;+43,50%;-13,91%;5;7;12.0;+0,34%;6.08;7.78;4.81;COMPRA;2026-03-24;graficos/hilo_usim5.png
VALE3;Mineração e Siderurgia;ALTA;R$ 85,59;R$ 81,44;+5,10%;12;+7,59%;62.84;FORTE;ALTA (SMA9 > SMA21);0.99;NORMAL;65;+43,08%;+0,46%;+4,75%;-2,78%;1.29;-27,73%;+25,38%;+18,45%;-7,21%;5;5;11.1;+0,46%;74.06;86.72;3.81;COMPRA;2026-03-25;graficos/hilo_vale3.png
WEGE3;;ALTA;R$ 52,91;R$ 49,56;+6,76%;14;+11,98%;69.15;FORTE;ALTA (SMA9 > SMA21);0.65;ABAIXO da média;58;+37,93%;+0,07%;+6,33%;-3,76%;1.03;-47,55%;-6,78%;+20,70%;-10,25%;5;9;12.6;+0,07%;44.95;53.34;4.91;COMPRA;2026-03-23;graficos/hilo_wege3.png
